"Data Source","World Development Indicators",

"Last Updated Date","2022-07-20",

"Country Name","Country Code","Indicator Name","Indicator Code","1960","1961","1962","1963","1964","1965","1966","1967","1968","1969","1970","1971","1972","1973","1974","1975","1976","1977","1978","1979","1980","1981","1982","1983","1984","1985","1986","1987","1988","1989","1990","1991","1992","1993","1994","1995","1996","1997","1998","1999","2000","2001","2002","2003","2004","2005","2006","2007","2008","2009","2010","2011","2012","2013","2014","2015","2016","2017","2018","2019","2020","2021",
"Aruba","ABW","Prevalence of severe food insecurity in the population (%)","SN.ITK.SVFI.ZS","","","","","","","","","","","","","","","","","","","","","","","","","","","","","","","","","","","","","","","","","","","","","","","","","","","","","","","","","","","","","","",
"Africa Eastern and Southern","AFE","Prevalence of severe food insecurity in the population (%)","SN.ITK.SVFI.ZS","","","","","","","","","","","","","","","","","","","","","","","","","","","","","","","","","","","","","","","","","","","","","","","","","","","","","","","","","","","","","","",
"Afghanistan","AFG","Prevalence of severe food insecurity in the population (%)","SN.ITK.SVFI.ZS","","","","","","","","","","","","","","","","","","","","","","","","","","","","","","","","","","","","","","","","","","","","","","","","","","","","","","","","14.8","15.1","17.3","17.3","19.8","","",
"Africa Western and Central","AFW","Prevalence of severe food insecurity in the population (%)","SN.ITK.SVFI.ZS","","","","","","","","","","","","","","","","","","","","","","","","","","","","","","","","","","","","","","","","","","","","","","","","","","","","","","","","","","","","","","",
"Angola","AGO","Prevalence of severe food insecurity in the population (%)","SN.ITK.SVFI.ZS","","","","","","","","","","","","","","","","","","","","","","","","","","","","","","","","","","","","","","","","","","","","","","","","","","","","","","","","21","","","24","26.9","","",
"Albania","ALB","Prevalence of severe food insecurity in the population (%)","SN.ITK.SVFI.ZS","","","","","","","","","","","","","","","","","","","","","","","","","","","","","","","","","","","","","","","","","","","","","","","","","","","","","","","","10","10.5","11","10","8.8","","",
"Andorra","AND","Prevalence of severe food insecurity in the population (%)","SN.ITK.SVFI.ZS","","","","","","","","","","","","","","","","","","","","","","","","","","","","","","","","","","","","","","","","","","","","","","","","","","","","","","","","","","","","","","",
"Arab World","ARB","Prevalence of severe food insecurity in the population (%)","SN.ITK.SVFI.ZS","","","","","","","","","","","","","","","","","","","","","","","","","","","","","","","","","","","","","","","","","","","","","","","","","","","","","","","","","","","","","","",
"United Arab Emirates","ARE","Prevalence of severe food insecurity in the population (%)","SN.ITK.SVFI.ZS","","","","","","","","","","","","","","","","","","","","","","","","","","","","","","","","","","","","","","","","","","","","","","","","","","","","","","","","","","","","","","",
"Argentina","ARG","Prevalence of severe food insecurity in the population (%)","SN.ITK.SVFI.ZS","","","","","","","","","","","","","","","","","","","","","","","","","","","","","","","","","","","","","","","","","","","","","","","","","","","","","","","","5.8","8.6","11.2","12.9","12.6","","",
"Armenia","ARM","Prevalence of severe food insecurity in the population (%)","SN.ITK.SVFI.ZS","","","","","","","","","","","","","","","","","","","","","","","","","","","","","","","","","","","","","","","","","","","","","","","","","","","","","","","","","","1.2","1.1","1.1","","",
"American Samoa","ASM","Prevalence of severe food insecurity in the population (%)","SN.ITK.SVFI.ZS","","","","","","","","","","","","","","","","","","","","","","","","","","","","","","","","","","","","","","","","","","","","","","","","","","","","","","","","","","","","","","",
"Antigua and Barbuda","ATG","Prevalence of severe food insecurity in the population (%)","SN.ITK.SVFI.ZS","","","","","","","","","","","","","","","","","","","","","","","","","","","","","","","","","","","","","","","","","","","","","","","","","","","","","","","","","","","","","","",
"Australia","AUS","Prevalence of severe food insecurity in the population (%)","SN.ITK.SVFI.ZS","","","","","","","","","","","","","","","","","","","","","","","","","","","","","","","","","","","","","","","","","","","","","","","","","","","","","","","","2.8","3.4","3.6","3.8","3.3","","",
"Austria","AUT","Prevalence of severe food insecurity in the population (%)","SN.ITK.SVFI.ZS","","","","","","","","","","","","","","","","","","","","","","","","","","","","","","","","","","","","","","","","","","","","","","","","","","","","","","","","1.1","1.2","1.1","1.1","0.9","","",
"Azerbaijan","AZE","Prevalence of severe food insecurity in the population (%)","SN.ITK.SVFI.ZS","","","","","","","","","","","","","","","","","","","","","","","","","","","","","","","","","","","","","","","","","","","","","","","","","","","","","","","","0","0","0","0","0","","",
"Burundi","BDI","Prevalence of severe food insecurity in the population (%)","SN.ITK.SVFI.ZS","","","","","","","","","","","","","","","","","","","","","","","","","","","","","","","","","","","","","","","","","","","","","","","","","","","","","","","","","","","","","","",
"Belgium","BEL","Prevalence of severe food insecurity in the population (%)","SN.ITK.SVFI.ZS","","","","","","","","","","","","","","","","","","","","","","","","","","","","","","","","","","","","","","","","","","","","","","","","","","","","","","","","","","","","1.1","","",
"Benin","BEN","Prevalence of severe food insecurity in the population (%)","SN.ITK.SVFI.ZS","","","","","","","","","","","","","","","","","","","","","","","","","","","","","","","","","","","","","","","","","","","","","","","","","","","","","","","","","","","","","","",
"Burkina Faso","BFA","Prevalence of severe food insecurity in the population (%)","SN.ITK.SVFI.ZS","","","","","","","","","","","","","","","","","","","","","","","","","","","","","","","","","","","","","","","","","","","","","","","","","","","","","","","","10","10.9","11.7","12.6","15.4","","",
"Bangladesh","BGD","Prevalence of severe food insecurity in the population (%)","SN.ITK.SVFI.ZS","","","","","","","","","","","","","","","","","","","","","","","","","","","","","","","","","","","","","","","","","","","","","","","","","","","","","","","","13.3","12.4","11.6","10.6","10.5","","",
"Bulgaria","BGR","Prevalence of severe food insecurity in the population (%)","SN.ITK.SVFI.ZS","","","","","","","","","","","","","","","","","","","","","","","","","","","","","","","","","","","","","","","","","","","","","","","","","","","","","","","","1.9","2.4","2.1","1.9","2.4","","",
"Bahrain","BHR","Prevalence of severe food insecurity in the population (%)","SN.ITK.SVFI.ZS","","","","","","","","","","","","","","","","","","","","","","","","","","","","","","","","","","","","","","","","","","","","","","","","","","","","","","","","","","","","","","",
"Bahamas, The","BHS","Prevalence of severe food insecurity in the population (%)","SN.ITK.SVFI.ZS","","","","","","","","","","","","","","","","","","","","","","","","","","","","","","","","","","","","","","","","","","","","","","","","","","","","","","","","","","","","","","",
"Bosnia and Herzegovina","BIH","Prevalence of severe food insecurity in the population (%)","SN.ITK.SVFI.ZS","","","","","","","","","","","","","","","","","","","","","","","","","","","","","","","","","","","","","","","","","","","","","","","","","","","","","","","","1.5","1.8","1.3","1.5","2","","",
"Belarus","BLR","Prevalence of severe food insecurity in the population (%)","SN.ITK.SVFI.ZS","","","","","","","","","","","","","","","","","","","","","","","","","","","","","","","","","","","","","","","","","","","","","","","","","","","","","","","","","","","","","","",
"Belize","BLZ","Prevalence of severe food insecurity in the population (%)","SN.ITK.SVFI.ZS","","","","","","","","","","","","","","","","","","","","","","","","","","","","","","","","","","","","","","","","","","","","","","","","","","","","","","","","","","","","","","",
"Bermuda","BMU","Prevalence of severe food insecurity in the population (%)","SN.ITK.SVFI.ZS","","","","","","","","","","","","","","","","","","","","","","","","","","","","","","","","","","","","","","","","","","","","","","","","","","","","","","","","","","","","","","",
"Bolivia","BOL","Prevalence of severe food insecurity in the population (%)","SN.ITK.SVFI.ZS","","","","","","","","","","","","","","","","","","","","","","","","","","","","","","","","","","","","","","","","","","","","","","","","","","","","","","","","","","","","","","",
"Brazil","BRA","Prevalence of severe food insecurity in the population (%)","SN.ITK.SVFI.ZS","","","","","","","","","","","","","","","","","","","","","","","","","","","","","","","","","","","","","","","","","","","","","","","","","","","","","","","","1.9","1.8","1.7","1.6","3.5","","",
"Barbados","BRB","Prevalence of severe food insecurity in the population (%)","SN.ITK.SVFI.ZS","","","","","","","","","","","","","","","","","","","","","","","","","","","","","","","","","","","","","","","","","","","","","","","","","","","","","","","","","","","","","","",
"Brunei Darussalam","BRN","Prevalence of severe food insecurity in the population (%)","SN.ITK.SVFI.ZS","","","","","","","","","","","","","","","","","","","","","","","","","","","","","","","","","","","","","","","","","","","","","","","","","","","","","","","","","","","","","","",
"Bhutan","BTN","Prevalence of severe food insecurity in the population (%)","SN.ITK.SVFI.ZS","","","","","","","","","","","","","","","","","","","","","","","","","","","","","","","","","","","","","","","","","","","","","","","","","","","","","","","","","","","","","","",
"Botswana","BWA","Prevalence of severe food insecurity in the population (%)","SN.ITK.SVFI.ZS","","","","","","","","","","","","","","","","","","","","","","","","","","","","","","","","","","","","","","","","","","","","","","","","","","","","","","","","19.6","20.2","20.9","21.5","22.2","","",
"Central African Republic","CAF","Prevalence of severe food insecurity in the population (%)","SN.ITK.SVFI.ZS","","","","","","","","","","","","","","","","","","","","","","","","","","","","","","","","","","","","","","","","","","","","","","","","","","","","","","","","","","","","61.8","","",
"Canada","CAN","Prevalence of severe food insecurity in the population (%)","SN.ITK.SVFI.ZS","","","","","","","","","","","","","","","","","","","","","","","","","","","","","","","","","","","","","","","","","","","","","","","","","","","","","","","","0.6","0.6","0.6","0.7","0.9","","",
"Central Europe and the Baltics","CEB","Prevalence of severe food insecurity in the population (%)","SN.ITK.SVFI.ZS","","","","","","","","","","","","","","","","","","","","","","","","","","","","","","","","","","","","","","","","","","","","","","","","","","","","","","","","","","","","","","",
"Switzerland","CHE","Prevalence of severe food insecurity in the population (%)","SN.ITK.SVFI.ZS","","","","","","","","","","","","","","","","","","","","","","","","","","","","","","","","","","","","","","","","","","","","","","","","","","","","","","","","1.5","1.3","0.8","0.7","0","","",
"Channel Islands","CHI","Prevalence of severe food insecurity in the population (%)","SN.ITK.SVFI.ZS","","","","","","","","","","","","","","","","","","","","","","","","","","","","","","","","","","","","","","","","","","","","","","","","","","","","","","","","","","","","","","",
"Chile","CHL","Prevalence of severe food insecurity in the population (%)","SN.ITK.SVFI.ZS","","","","","","","","","","","","","","","","","","","","","","","","","","","","","","","","","","","","","","","","","","","","","","","","","","","","","","","","2.9","3.1","3.4","3.6","4.3","","",
"China","CHN","Prevalence of severe food insecurity in the population (%)","SN.ITK.SVFI.ZS","","","","","","","","","","","","","","","","","","","","","","","","","","","","","","","","","","","","","","","","","","","","","","","","","","","","","","","","","","","","","","",
"Cote d'Ivoire","CIV","Prevalence of severe food insecurity in the population (%)","SN.ITK.SVFI.ZS","","","","","","","","","","","","","","","","","","","","","","","","","","","","","","","","","","","","","","","","","","","","","","","","","","","","","","","","","","","","","","",
"Cameroon","CMR","Prevalence of severe food insecurity in the population (%)","SN.ITK.SVFI.ZS","","","","","","","","","","","","","","","","","","","","","","","","","","","","","","","","","","","","","","","","","","","","","","","","","","","","","","","","","","","","26.7","","",
"Congo, Dem. Rep.","COD","Prevalence of severe food insecurity in the population (%)","SN.ITK.SVFI.ZS","","","","","","","","","","","","","","","","","","","","","","","","","","","","","","","","","","","","","","","","","","","","","","","","","","","","","","","","","","","","38.5","","",
"Congo, Rep.","COG","Prevalence of severe food insecurity in the population (%)","SN.ITK.SVFI.ZS","","","","","","","","","","","","","","","","","","","","","","","","","","","","","","","","","","","","","","","","","","","","","","","","","","","","","","","","42.6","46.1","49.7","51.1","51.7","","",
"Colombia","COL","Prevalence of severe food insecurity in the population (%)","SN.ITK.SVFI.ZS","","","","","","","","","","","","","","","","","","","","","","","","","","","","","","","","","","","","","","","","","","","","","","","","","","","","","","","","","","","","","","",
"Comoros","COM","Prevalence of severe food insecurity in the population (%)","SN.ITK.SVFI.ZS","","","","","","","","","","","","","","","","","","","","","","","","","","","","","","","","","","","","","","","","","","","","","","","","","","","","","","","","","","","","","","",
"Cabo Verde","CPV","Prevalence of severe food insecurity in the population (%)","SN.ITK.SVFI.ZS","","","","","","","","","","","","","","","","","","","","","","","","","","","","","","","","","","","","","","","","","","","","","","","","","","","","","","","","","","","8.6","7.6","","",
"Costa Rica","CRI","Prevalence of severe food insecurity in the population (%)","SN.ITK.SVFI.ZS","","","","","","","","","","","","","","","","","","","","","","","","","","","","","","","","","","","","","","","","","","","","","","","","","","","","","","","","1.8","1.9","2.2","2.4","2.6","","",
"Caribbean small states","CSS","Prevalence of severe food insecurity in the population (%)","SN.ITK.SVFI.ZS","","","","","","","","","","","","","","","","","","","","","","","","","","","","","","","","","","","","","","","","","","","","","","","","","","","","","","","","","","","","","","",
"Cuba","CUB","Prevalence of severe food insecurity in the population (%)","SN.ITK.SVFI.ZS","","","","","","","","","","","","","","","","","","","","","","","","","","","","","","","","","","","","","","","","","","","","","","","","","","","","","","","","","","","","","","",
"Curacao","CUW","Prevalence of severe food insecurity in the population (%)","SN.ITK.SVFI.ZS","","","","","","","","","","","","","","","","","","","","","","","","","","","","","","","","","","","","","","","","","","","","","","","","","","","","","","","","","","","","","","",
"Cayman Islands","CYM","Prevalence of severe food insecurity in the population (%)","SN.ITK.SVFI.ZS","","","","","","","","","","","","","","","","","","","","","","","","","","","","","","","","","","","","","","","","","","","","","","","","","","","","","","","","","","","","","","",
"Cyprus","CYP","Prevalence of severe food insecurity in the population (%)","SN.ITK.SVFI.ZS","","","","","","","","","","","","","","","","","","","","","","","","","","","","","","","","","","","","","","","","","","","","","","","","","","","","","","","","","","","","","","",
"Czech Republic","CZE","Prevalence of severe food insecurity in the population (%)","SN.ITK.SVFI.ZS","","","","","","","","","","","","","","","","","","","","","","","","","","","","","","","","","","","","","","","","","","","","","","","","","","","","","","","","0.7","0.5","0","0","0.8","","",
"Germany","DEU","Prevalence of severe food insecurity in the population (%)","SN.ITK.SVFI.ZS","","","","","","","","","","","","","","","","","","","","","","","","","","","","","","","","","","","","","","","","","","","","","","","","","","","","","","","","1","0.8","0.7","0.7","0.7","","",
"Djibouti","DJI","Prevalence of severe food insecurity in the population (%)","SN.ITK.SVFI.ZS","","","","","","","","","","","","","","","","","","","","","","","","","","","","","","","","","","","","","","","","","","","","","","","","","","","","","","","","","","","","","","",
"Dominica","DMA","Prevalence of severe food insecurity in the population (%)","SN.ITK.SVFI.ZS","","","","","","","","","","","","","","","","","","","","","","","","","","","","","","","","","","","","","","","","","","","","","","","","","","","","","","","","","","","","","","",
"Denmark","DNK","Prevalence of severe food insecurity in the population (%)","SN.ITK.SVFI.ZS","","","","","","","","","","","","","","","","","","","","","","","","","","","","","","","","","","","","","","","","","","","","","","","","","","","","","","","","1","1.1","1.1","1.1","1.1","","",
"Dominican Republic","DOM","Prevalence of severe food insecurity in the population (%)","SN.ITK.SVFI.ZS","","","","","","","","","","","","","","","","","","","","","","","","","","","","","","","","","","","","","","","","","","","","","","","","","","","","","","","","","","","","","","",
"Algeria","DZA","Prevalence of severe food insecurity in the population (%)","SN.ITK.SVFI.ZS","","","","","","","","","","","","","","","","","","","","","","","","","","","","","","","","","","","","","","","","","","","","","","","","","","","","","","","","13","12.7","11.4","9.3","6.9","","",
"East Asia & Pacific (excluding high income)","EAP","Prevalence of severe food insecurity in the population (%)","SN.ITK.SVFI.ZS","","","","","","","","","","","","","","","","","","","","","","","","","","","","","","","","","","","","","","","","","","","","","","","","","","","","","","","1.3","1.3","1.9","2.2","2.2","1.8","","",
"Early-demographic dividend","EAR","Prevalence of severe food insecurity in the population (%)","SN.ITK.SVFI.ZS","","","","","","","","","","","","","","","","","","","","","","","","","","","","","","","","","","","","","","","","","","","","","","","","","","","","","","","","","","","","","","",
"East Asia & Pacific","EAS","Prevalence of severe food insecurity in the population (%)","SN.ITK.SVFI.ZS","","","","","","","","","","","","","","","","","","","","","","","","","","","","","","","","","","","","","","","","","","","","","","","","","","","","","","","1.3","1.2","1.8","2.1","2.1","1.7","","",
"Europe & Central Asia (excluding high income)","ECA","Prevalence of severe food insecurity in the population (%)","SN.ITK.SVFI.ZS","","","","","","","","","","","","","","","","","","","","","","","","","","","","","","","","","","","","","","","","","","","","","","","","","","","","","","","1.9","2.3","2.5","2.5","2.3","2.5","","",
"Europe & Central Asia","ECS","Prevalence of severe food insecurity in the population (%)","SN.ITK.SVFI.ZS","","","","","","","","","","","","","","","","","","","","","","","","","","","","","","","","","","","","","","","","","","","","","","","","","","","","","","","1.8","1.9","1.9","1.9","1.6","1.7","","",
"Ecuador","ECU","Prevalence of severe food insecurity in the population (%)","SN.ITK.SVFI.ZS","","","","","","","","","","","","","","","","","","","","","","","","","","","","","","","","","","","","","","","","","","","","","","","","","","","","","","","","6","7.1","8.4","9.9","11.6","","",
"Egypt, Arab Rep.","EGY","Prevalence of severe food insecurity in the population (%)","SN.ITK.SVFI.ZS","","","","","","","","","","","","","","","","","","","","","","","","","","","","","","","","","","","","","","","","","","","","","","","","","","","","","","","","8.4","8.7","8.6","7.4","6.7","","",
"Euro area","EMU","Prevalence of severe food insecurity in the population (%)","SN.ITK.SVFI.ZS","","","","","","","","","","","","","","","","","","","","","","","","","","","","","","","","","","","","","","","","","","","","","","","","","","","","","","","","","","","","","","",
"Eritrea","ERI","Prevalence of severe food insecurity in the population (%)","SN.ITK.SVFI.ZS","","","","","","","","","","","","","","","","","","","","","","","","","","","","","","","","","","","","","","","","","","","","","","","","","","","","","","","","","","","","","","",
"Spain","ESP","Prevalence of severe food insecurity in the population (%)","SN.ITK.SVFI.ZS","","","","","","","","","","","","","","","","","","","","","","","","","","","","","","","","","","","","","","","","","","","","","","","","","","","","","","","","1.1","1.3","1.4","1.8","1.8","","",
"Estonia","EST","Prevalence of severe food insecurity in the population (%)","SN.ITK.SVFI.ZS","","","","","","","","","","","","","","","","","","","","","","","","","","","","","","","","","","","","","","","","","","","","","","","","","","","","","","","","0.9","0.8","1","0.9","0.8","","",
"Ethiopia","ETH","Prevalence of severe food insecurity in the population (%)","SN.ITK.SVFI.ZS","","","","","","","","","","","","","","","","","","","","","","","","","","","","","","","","","","","","","","","","","","","","","","","","","","","","","","","","14.5","15","14.8","14.1","16.4","","",
"European Union","EUU","Prevalence of severe food insecurity in the population (%)","SN.ITK.SVFI.ZS","","","","","","","","","","","","","","","","","","","","","","","","","","","","","","","","","","","","","","","","","","","","","","","","","","","","","","","","","","","","","","",
"Fragile and conflict affected situations","FCS","Prevalence of severe food insecurity in the population (%)","SN.ITK.SVFI.ZS","","","","","","","","","","","","","","","","","","","","","","","","","","","","","","","","","","","","","","","","","","","","","","","","","","","","","","","","","","","","","","",
"Finland","FIN","Prevalence of severe food insecurity in the population (%)","SN.ITK.SVFI.ZS","","","","","","","","","","","","","","","","","","","","","","","","","","","","","","","","","","","","","","","","","","","","","","","","","","","","","","","","2.4","2.3","2.1","2","1.9","","",
"Fiji","FJI","Prevalence of severe food insecurity in the population (%)","SN.ITK.SVFI.ZS","","","","","","","","","","","","","","","","","","","","","","","","","","","","","","","","","","","","","","","","","","","","","","","","","","","","","","","","","","","2","2","","",
"France","FRA","Prevalence of severe food insecurity in the population (%)","SN.ITK.SVFI.ZS","","","","","","","","","","","","","","","","","","","","","","","","","","","","","","","","","","","","","","","","","","","","","","","","","","","","","","","","1.6","1.2","0.9","0.7","0.7","","",
"Faroe Islands","FRO","Prevalence of severe food insecurity in the population (%)","SN.ITK.SVFI.ZS","","","","","","","","","","","","","","","","","","","","","","","","","","","","","","","","","","","","","","","","","","","","","","","","","","","","","","","","","","","","","","",
"Micronesia, Fed. Sts.","FSM","Prevalence of severe food insecurity in the population (%)","SN.ITK.SVFI.ZS","","","","","","","","","","","","","","","","","","","","","","","","","","","","","","","","","","","","","","","","","","","","","","","","","","","","","","","","","","","","","","",
"Gabon","GAB","Prevalence of severe food insecurity in the population (%)","SN.ITK.SVFI.ZS","","","","","","","","","","","","","","","","","","","","","","","","","","","","","","","","","","","","","","","","","","","","","","","","","","","","","","","","","","","","","","",
"United Kingdom","GBR","Prevalence of severe food insecurity in the population (%)","SN.ITK.SVFI.ZS","","","","","","","","","","","","","","","","","","","","","","","","","","","","","","","","","","","","","","","","","","","","","","","","","","","","","","","","1.9","2.1","1.7","1.3","0.7","","",
"Georgia","GEO","Prevalence of severe food insecurity in the population (%)","SN.ITK.SVFI.ZS","","","","","","","","","","","","","","","","","","","","","","","","","","","","","","","","","","","","","","","","","","","","","","","","","","","","","","","","7","7.9","7.5","7.3","9.5","","",
"Ghana","GHA","Prevalence of severe food insecurity in the population (%)","SN.ITK.SVFI.ZS","","","","","","","","","","","","","","","","","","","","","","","","","","","","","","","","","","","","","","","","","","","","","","","","","","","","","","","","7.6","7.9","8.1","8.3","8.6","","",
"Gibraltar","GIB","Prevalence of severe food insecurity in the population (%)","SN.ITK.SVFI.ZS","","","","","","","","","","","","","","","","","","","","","","","","","","","","","","","","","","","","","","","","","","","","","","","","","","","","","","","","","","","","","","",
"Guinea","GIN","Prevalence of severe food insecurity in the population (%)","SN.ITK.SVFI.ZS","","","","","","","","","","","","","","","","","","","","","","","","","","","","","","","","","","","","","","","","","","","","","","","","","","","","","","","","44.3","47.1","49.7","49.7","49.7","","",
"Gambia, The","GMB","Prevalence of severe food insecurity in the population (%)","SN.ITK.SVFI.ZS","","","","","","","","","","","","","","","","","","","","","","","","","","","","","","","","","","","","","","","","","","","","","","","","","","","","","","","","23.6","23.6","23.6","24.6","25.7","","",
"Guinea-Bissau","GNB","Prevalence of severe food insecurity in the population (%)","SN.ITK.SVFI.ZS","","","","","","","","","","","","","","","","","","","","","","","","","","","","","","","","","","","","","","","","","","","","","","","","","","","","","","","","","","","","","","",
"Equatorial Guinea","GNQ","Prevalence of severe food insecurity in the population (%)","SN.ITK.SVFI.ZS","","","","","","","","","","","","","","","","","","","","","","","","","","","","","","","","","","","","","","","","","","","","","","","","","","","","","","","","","","","","","","",
"Greece","GRC","Prevalence of severe food insecurity in the population (%)","SN.ITK.SVFI.ZS","","","","","","","","","","","","","","","","","","","","","","","","","","","","","","","","","","","","","","","","","","","","","","","","","","","","","","","","2.6","3.2","3.2","2.3","1.7","","",
"Grenada","GRD","Prevalence of severe food insecurity in the population (%)","SN.ITK.SVFI.ZS","","","","","","","","","","","","","","","","","","","","","","","","","","","","","","","","","","","","","","","","","","","","","","","","","","","","","","","","","","","","","","",
"Greenland","GRL","Prevalence of severe food insecurity in the population (%)","SN.ITK.SVFI.ZS","","","","","","","","","","","","","","","","","","","","","","","","","","","","","","","","","","","","","","","","","","","","","","","","","","","","","","","","","","","","","","",
"Guatemala","GTM","Prevalence of severe food insecurity in the population (%)","SN.ITK.SVFI.ZS","","","","","","","","","","","","","","","","","","","","","","","","","","","","","","","","","","","","","","","","","","","","","","","","","","","","","","","","16.1","17","17.1","18.1","19.2","","",
"Guam","GUM","Prevalence of severe food insecurity in the population (%)","SN.ITK.SVFI.ZS","","","","","","","","","","","","","","","","","","","","","","","","","","","","","","","","","","","","","","","","","","","","","","","","","","","","","","","","","","","","","","",
"Guyana","GUY","Prevalence of severe food insecurity in the population (%)","SN.ITK.SVFI.ZS","","","","","","","","","","","","","","","","","","","","","","","","","","","","","","","","","","","","","","","","","","","","","","","","","","","","","","","","","","","","","","",
"High income","HIC","Prevalence of severe food insecurity in the population (%)","SN.ITK.SVFI.ZS","","","","","","","","","","","","","","","","","","","","","","","","","","","","","","","","","","","","","","","","","","","","","","","","","","","","","","","","1.7","1.7","1.7","1.6","1.6","","",
"Hong Kong SAR, China","HKG","Prevalence of severe food insecurity in the population (%)","SN.ITK.SVFI.ZS","","","","","","","","","","","","","","","","","","","","","","","","","","","","","","","","","","","","","","","","","","","","","","","","","","","","","","","","","","","","","","",
"Honduras","HND","Prevalence of severe food insecurity in the population (%)","SN.ITK.SVFI.ZS","","","","","","","","","","","","","","","","","","","","","","","","","","","","","","","","","","","","","","","","","","","","","","","","","","","","","","","","14.2","14.1","14.1","14","14.6","","",
"Heavily indebted poor countries (HIPC)","HPC","Prevalence of severe food insecurity in the population (%)","SN.ITK.SVFI.ZS","","","","","","","","","","","","","","","","","","","","","","","","","","","","","","","","","","","","","","","","","","","","","","","","","","","","","","","","","","","","","","",
"Croatia","HRV","Prevalence of severe food insecurity in the population (%)","SN.ITK.SVFI.ZS","","","","","","","","","","","","","","","","","","","","","","","","","","","","","","","","","","","","","","","","","","","","","","","","","","","","","","","","0.6","0.6","0.8","0.9","1.3","","",
"Haiti","HTI","Prevalence of severe food insecurity in the population (%)","SN.ITK.SVFI.ZS","","","","","","","","","","","","","","","","","","","","","","","","","","","","","","","","","","","","","","","","","","","","","","","","","","","","","","","","","","","","","","",
"Hungary","HUN","Prevalence of severe food insecurity in the population (%)","SN.ITK.SVFI.ZS","","","","","","","","","","","","","","","","","","","","","","","","","","","","","","","","","","","","","","","","","","","","","","","","","","","","","","","","1.4","1.1","0.9","0.8","1.4","","",
"IBRD only","IBD","Prevalence of severe food insecurity in the population (%)","SN.ITK.SVFI.ZS","","","","","","","","","","","","","","","","","","","","","","","","","","","","","","","","","","","","","","","","","","","","","","","","","","","","","","","","","","","","","","",
"IDA & IBRD total","IBT","Prevalence of severe food insecurity in the population (%)","SN.ITK.SVFI.ZS","","","","","","","","","","","","","","","","","","","","","","","","","","","","","","","","","","","","","","","","","","","","","","","","","","","","","","","","","","","","","","",
"IDA total","IDA","Prevalence of severe food insecurity in the population (%)","SN.ITK.SVFI.ZS","","","","","","","","","","","","","","","","","","","","","","","","","","","","","","","","","","","","","","","","","","","","","","","","","","","","","","","","","","","","","","",
"IDA blend","IDB","Prevalence of severe food insecurity in the population (%)","SN.ITK.SVFI.ZS","","","","","","","","","","","","","","","","","","","","","","","","","","","","","","","","","","","","","","","","","","","","","","","","","","","","","","","","","","","","","","",
"Indonesia","IDN","Prevalence of severe food insecurity in the population (%)","SN.ITK.SVFI.ZS","","","","","","","","","","","","","","","","","","","","","","","","","","","","","","","","","","","","","","","","","","","","","","","","","","","","","","","","0.7","0.9","0.9","0.8","0.7","","",
"IDA only","IDX","Prevalence of severe food insecurity in the population (%)","SN.ITK.SVFI.ZS","","","","","","","","","","","","","","","","","","","","","","","","","","","","","","","","","","","","","","","","","","","","","","","","","","","","","","","","","","","","","","",
"Isle of Man","IMN","Prevalence of severe food insecurity in the population (%)","SN.ITK.SVFI.ZS","","","","","","","","","","","","","","","","","","","","","","","","","","","","","","","","","","","","","","","","","","","","","","","","","","","","","","","","","","","","","","",
"India","IND","Prevalence of severe food insecurity in the population (%)","SN.ITK.SVFI.ZS","","","","","","","","","","","","","","","","","","","","","","","","","","","","","","","","","","","","","","","","","","","","","","","","","","","","","","","","","","","","","","",
"Not classified","INX","Prevalence of severe food insecurity in the population (%)","SN.ITK.SVFI.ZS","","","","","","","","","","","","","","","","","","","","","","","","","","","","","","","","","","","","","","","","","","","","","","","","","","","","","","","","","","","","","","",
"Ireland","IRL","Prevalence of severe food insecurity in the population (%)","SN.ITK.SVFI.ZS","","","","","","","","","","","","","","","","","","","","","","","","","","","","","","","","","","","","","","","","","","","","","","","","","","","","","","","","3.4","2.8","2.9","3.5","4.3","","",
"Iran, Islamic Rep.","IRN","Prevalence of severe food insecurity in the population (%)","SN.ITK.SVFI.ZS","","","","","","","","","","","","","","","","","","","","","","","","","","","","","","","","","","","","","","","","","","","","","","","","","","","","","","","","9.5","9.3","8.7","8.4","8.7","","",
"Iraq","IRQ","Prevalence of severe food insecurity in the population (%)","SN.ITK.SVFI.ZS","","","","","","","","","","","","","","","","","","","","","","","","","","","","","","","","","","","","","","","","","","","","","","","","","","","","","","","","","","","","","","",
"Iceland","ISL","Prevalence of severe food insecurity in the population (%)","SN.ITK.SVFI.ZS","","","","","","","","","","","","","","","","","","","","","","","","","","","","","","","","","","","","","","","","","","","","","","","","","","","","","","","","1.7","1.7","1.5","1.5","1.5","","",
"Israel","ISR","Prevalence of severe food insecurity in the population (%)","SN.ITK.SVFI.ZS","","","","","","","","","","","","","","","","","","","","","","","","","","","","","","","","","","","","","","","","","","","","","","","","","","","","","","","","1.3","1.4","1.6","1.7","1.9","","",
"Italy","ITA","Prevalence of severe food insecurity in the population (%)","SN.ITK.SVFI.ZS","","","","","","","","","","","","","","","","","","","","","","","","","","","","","","","","","","","","","","","","","","","","","","","","","","","","","","","","1.2","1.1","1.1","1.1","1.2","","",
"Jamaica","JAM","Prevalence of severe food insecurity in the population (%)","SN.ITK.SVFI.ZS","","","","","","","","","","","","","","","","","","","","","","","","","","","","","","","","","","","","","","","","","","","","","","","","","","","","","","","","","","","","","","",
"Jordan","JOR","Prevalence of severe food insecurity in the population (%)","SN.ITK.SVFI.ZS","","","","","","","","","","","","","","","","","","","","","","","","","","","","","","","","","","","","","","","","","","","","","","","","","","","","","","","","","","","","","","",
"Japan","JPN","Prevalence of severe food insecurity in the population (%)","SN.ITK.SVFI.ZS","","","","","","","","","","","","","","","","","","","","","","","","","","","","","","","","","","","","","","","","","","","","","","","","","","","","","","","","0","0","0.5","0.7","0.7","","",
"Kazakhstan","KAZ","Prevalence of severe food insecurity in the population (%)","SN.ITK.SVFI.ZS","","","","","","","","","","","","","","","","","","","","","","","","","","","","","","","","","","","","","","","","","","","","","","","","","","","","","","","","","","0","0","0","","",
"Kenya","KEN","Prevalence of severe food insecurity in the population (%)","SN.ITK.SVFI.ZS","","","","","","","","","","","","","","","","","","","","","","","","","","","","","","","","","","","","","","","","","","","","","","","","","","","","","","","","17.3","19.2","21.2","23.3","25.7","","",
"Kyrgyz Republic","KGZ","Prevalence of severe food insecurity in the population (%)","SN.ITK.SVFI.ZS","","","","","","","","","","","","","","","","","","","","","","","","","","","","","","","","","","","","","","","","","","","","","","","","","","","","","","","","","","0.8","0.8","1.1","","",
"Cambodia","KHM","Prevalence of severe food insecurity in the population (%)","SN.ITK.SVFI.ZS","","","","","","","","","","","","","","","","","","","","","","","","","","","","","","","","","","","","","","","","","","","","","","","","","","","","","","","","16.9","14.3","14","13.6","13.4","","",
"Kiribati","KIR","Prevalence of severe food insecurity in the population (%)","SN.ITK.SVFI.ZS","","","","","","","","","","","","","","","","","","","","","","","","","","","","","","","","","","","","","","","","","","","","","","","","","","","","","","","","","","","8","7.9","","",
"St. Kitts and Nevis","KNA","Prevalence of severe food insecurity in the population (%)","SN.ITK.SVFI.ZS","","","","","","","","","","","","","","","","","","","","","","","","","","","","","","","","","","","","","","","","","","","","","","","","","","","","","","","","","","","","","","",
"Korea, Rep.","KOR","Prevalence of severe food insecurity in the population (%)","SN.ITK.SVFI.ZS","","","","","","","","","","","","","","","","","","","","","","","","","","","","","","","","","","","","","","","","","","","","","","","","","","","","","","","","0","0","0.5","0","0.6","","",
"Kuwait","KWT","Prevalence of severe food insecurity in the population (%)","SN.ITK.SVFI.ZS","","","","","","","","","","","","","","","","","","","","","","","","","","","","","","","","","","","","","","","","","","","","","","","","","","","","","","","","4.9","4.9","4.9","4.9","4.9","","",
"Latin America & Caribbean (excluding high income)","LAC","Prevalence of severe food insecurity in the population (%)","SN.ITK.SVFI.ZS","","","","","","","","","","","","","","","","","","","","","","","","","","","","","","","","","","","","","","","","","","","","","","","","","","","","","","","7.6","7.3","8.9","9.9","9.5","10.1","","",
"Lao PDR","LAO","Prevalence of severe food insecurity in the population (%)","SN.ITK.SVFI.ZS","","","","","","","","","","","","","","","","","","","","","","","","","","","","","","","","","","","","","","","","","","","","","","","","","","","","","","","","","","","","8.9","","",
"Lebanon","LBN","Prevalence of severe food insecurity in the population (%)","SN.ITK.SVFI.ZS","","","","","","","","","","","","","","","","","","","","","","","","","","","","","","","","","","","","","","","","","","","","","","","","","","","","","","","","","","","","","","",
"Liberia","LBR","Prevalence of severe food insecurity in the population (%)","SN.ITK.SVFI.ZS","","","","","","","","","","","","","","","","","","","","","","","","","","","","","","","","","","","","","","","","","","","","","","","","","","","","","","","","","","","","37.3","","",
"Libya","LBY","Prevalence of severe food insecurity in the population (%)","SN.ITK.SVFI.ZS","","","","","","","","","","","","","","","","","","","","","","","","","","","","","","","","","","","","","","","","","","","","","","","","","","","","","","","","11.2","12.4","14.3","16.7","18.6","","",
"St. Lucia","LCA","Prevalence of severe food insecurity in the population (%)","SN.ITK.SVFI.ZS","","","","","","","","","","","","","","","","","","","","","","","","","","","","","","","","","","","","","","","","","","","","","","","","","","","","","","","","4.5","4.5","4.5","","","","",
"Latin America & Caribbean","LCN","Prevalence of severe food insecurity in the population (%)","SN.ITK.SVFI.ZS","","","","","","","","","","","","","","","","","","","","","","","","","","","","","","","","","","","","","","","","","","","","","","","","","","","","","","","7.7","7.5","9","10","9.6","10.1","","",
"Least developed countries: UN classification","LDC","Prevalence of severe food insecurity in the population (%)","SN.ITK.SVFI.ZS","","","","","","","","","","","","","","","","","","","","","","","","","","","","","","","","","","","","","","","","","","","","","","","","","","","","","","","","","","","","","","",
"Low income","LIC","Prevalence of severe food insecurity in the population (%)","SN.ITK.SVFI.ZS","","","","","","","","","","","","","","","","","","","","","","","","","","","","","","","","","","","","","","","","","","","","","","","","","","","","","","","","23.3","24.1","24.7","25.1","26.2","","",
"Liechtenstein","LIE","Prevalence of severe food insecurity in the population (%)","SN.ITK.SVFI.ZS","","","","","","","","","","","","","","","","","","","","","","","","","","","","","","","","","","","","","","","","","","","","","","","","","","","","","","","","","","","","","","",
"Sri Lanka","LKA","Prevalence of severe food insecurity in the population (%)","SN.ITK.SVFI.ZS","","","","","","","","","","","","","","","","","","","","","","","","","","","","","","","","","","","","","","","","","","","","","","","","","","","","","","","","","","","","","","",
"Lower middle income","LMC","Prevalence of severe food insecurity in the population (%)","SN.ITK.SVFI.ZS","","","","","","","","","","","","","","","","","","","","","","","","","","","","","","","","","","","","","","","","","","","","","","","","","","","","","","","","12.7","12.4","13.1","14.5","16.5","","",
"Low & middle income","LMY","Prevalence of severe food insecurity in the population (%)","SN.ITK.SVFI.ZS","","","","","","","","","","","","","","","","","","","","","","","","","","","","","","","","","","","","","","","","","","","","","","","","","","","","","","","","9.19804791342122","9.38922098898898","9.90341039023544","10.9329125409472","","","",
"Lesotho","LSO","Prevalence of severe food insecurity in the population (%)","SN.ITK.SVFI.ZS","","","","","","","","","","","","","","","","","","","","","","","","","","","","","","","","","","","","","","","","","","","","","","","","","","","","","","","","","","","","27","","",
"Late-demographic dividend","LTE","Prevalence of severe food insecurity in the population (%)","SN.ITK.SVFI.ZS","","","","","","","","","","","","","","","","","","","","","","","","","","","","","","","","","","","","","","","","","","","","","","","","","","","","","","","","","","","","","","",
"Lithuania","LTU","Prevalence of severe food insecurity in the population (%)","SN.ITK.SVFI.ZS","","","","","","","","","","","","","","","","","","","","","","","","","","","","","","","","","","","","","","","","","","","","","","","","","","","","","","","","2.5","2","1.6","1.1","1.7","","",
"Luxembourg","LUX","Prevalence of severe food insecurity in the population (%)","SN.ITK.SVFI.ZS","","","","","","","","","","","","","","","","","","","","","","","","","","","","","","","","","","","","","","","","","","","","","","","","","","","","","","","","1.8","1.4","0.9","0.9","0.8","","",
"Latvia","LVA","Prevalence of severe food insecurity in the population (%)","SN.ITK.SVFI.ZS","","","","","","","","","","","","","","","","","","","","","","","","","","","","","","","","","","","","","","","","","","","","","","","","","","","","","","","","0.6","0.6","0.6","0.6","0.7","","",
"Macao SAR, China","MAC","Prevalence of severe food insecurity in the population (%)","SN.ITK.SVFI.ZS","","","","","","","","","","","","","","","","","","","","","","","","","","","","","","","","","","","","","","","","","","","","","","","","","","","","","","","","","","","","","","",
"St. Martin (French part)","MAF","Prevalence of severe food insecurity in the population (%)","SN.ITK.SVFI.ZS","","","","","","","","","","","","","","","","","","","","","","","","","","","","","","","","","","","","","","","","","","","","","","","","","","","","","","","","","","","","","","",
"Morocco","MAR","Prevalence of severe food insecurity in the population (%)","SN.ITK.SVFI.ZS","","","","","","","","","","","","","","","","","","","","","","","","","","","","","","","","","","","","","","","","","","","","","","","","","","","","","","","","","","","","","","",
"Monaco","MCO","Prevalence of severe food insecurity in the population (%)","SN.ITK.SVFI.ZS","","","","","","","","","","","","","","","","","","","","","","","","","","","","","","","","","","","","","","","","","","","","","","","","","","","","","","","","","","","","","","",
"Moldova","MDA","Prevalence of severe food insecurity in the population (%)","SN.ITK.SVFI.ZS","","","","","","","","","","","","","","","","","","","","","","","","","","","","","","","","","","","","","","","","","","","","","","","","","","","","","","","","1.6","2.2","2.9","4","4.5","","",
"Madagascar","MDG","Prevalence of severe food insecurity in the population (%)","SN.ITK.SVFI.ZS","","","","","","","","","","","","","","","","","","","","","","","","","","","","","","","","","","","","","","","","","","","","","","","","","","","","","","","","","","","","","","",
"Maldives","MDV","Prevalence of severe food insecurity in the population (%)","SN.ITK.SVFI.ZS","","","","","","","","","","","","","","","","","","","","","","","","","","","","","","","","","","","","","","","","","","","","","","","","","","","","","","","","","","","","","","",
"Middle East & North Africa","MEA","Prevalence of severe food insecurity in the population (%)","SN.ITK.SVFI.ZS","","","","","","","","","","","","","","","","","","","","","","","","","","","","","","","","","","","","","","","","","","","","","","","","","","","","","","","9.7","9.5","10.1","10.1","9.4","8.9","","",
"Mexico","MEX","Prevalence of severe food insecurity in the population (%)","SN.ITK.SVFI.ZS","","","","","","","","","","","","","","","","","","","","","","","","","","","","","","","","","","","","","","","","","","","","","","","","","","","","","","","","3.6","3.3","3.3","3.7","5.8","","",
"Marshall Islands","MHL","Prevalence of severe food insecurity in the population (%)","SN.ITK.SVFI.ZS","","","","","","","","","","","","","","","","","","","","","","","","","","","","","","","","","","","","","","","","","","","","","","","","","","","","","","","","","","","","","","",
"Middle income","MIC","Prevalence of severe food insecurity in the population (%)","SN.ITK.SVFI.ZS","","","","","","","","","","","","","","","","","","","","","","","","","","","","","","","","","","","","","","","","","","","","","","","","","","","","","","","","8.13250295570959","8.14263861872458","8.66620789120255","9.7804454659944","","","",
"North Macedonia","MKD","Prevalence of severe food insecurity in the population (%)","SN.ITK.SVFI.ZS","","","","","","","","","","","","","","","","","","","","","","","","","","","","","","","","","","","","","","","","","","","","","","","","","","","","","","","","3.6","3.1","3.1","3.2","5","","",
"Mali","MLI","Prevalence of severe food insecurity in the population (%)","SN.ITK.SVFI.ZS","","","","","","","","","","","","","","","","","","","","","","","","","","","","","","","","","","","","","","","","","","","","","","","","","","","","","","","","","","","","","","",
"Malta","MLT","Prevalence of severe food insecurity in the population (%)","SN.ITK.SVFI.ZS","","","","","","","","","","","","","","","","","","","","","","","","","","","","","","","","","","","","","","","","","","","","","","","","","","","","","","","","1.5","1.4","1","0.8","0.9","","",
"Myanmar","MMR","Prevalence of severe food insecurity in the population (%)","SN.ITK.SVFI.ZS","","","","","","","","","","","","","","","","","","","","","","","","","","","","","","","","","","","","","","","","","","","","","","","","","","","","","","","","","","","","1.9","","",
"Middle East & North Africa (excluding high income)","MNA","Prevalence of severe food insecurity in the population (%)","SN.ITK.SVFI.ZS","","","","","","","","","","","","","","","","","","","","","","","","","","","","","","","","","","","","","","","","","","","","","","","","","","","","","","","10.1","10.1","10.7","10.6","9.8","9.2","","",
"Montenegro","MNE","Prevalence of severe food insecurity in the population (%)","SN.ITK.SVFI.ZS","","","","","","","","","","","","","","","","","","","","","","","","","","","","","","","","","","","","","","","","","","","","","","","","","","","","","","","","2.1","2.2","2.3","2.2","2.8","","",
"Mongolia","MNG","Prevalence of severe food insecurity in the population (%)","SN.ITK.SVFI.ZS","","","","","","","","","","","","","","","","","","","","","","","","","","","","","","","","","","","","","","","","","","","","","","","","","","","","","","","","3.4","5.1","5.9","5.9","4.9","","",
"Northern Mariana Islands","MNP","Prevalence of severe food insecurity in the population (%)","SN.ITK.SVFI.ZS","","","","","","","","","","","","","","","","","","","","","","","","","","","","","","","","","","","","","","","","","","","","","","","","","","","","","","","","","","","","","","",
"Mozambique","MOZ","Prevalence of severe food insecurity in the population (%)","SN.ITK.SVFI.ZS","","","","","","","","","","","","","","","","","","","","","","","","","","","","","","","","","","","","","","","","","","","","","","","","","","","","","","","","","","","40.7","40.5","","",
"Mauritania","MRT","Prevalence of severe food insecurity in the population (%)","SN.ITK.SVFI.ZS","","","","","","","","","","","","","","","","","","","","","","","","","","","","","","","","","","","","","","","","","","","","","","","","","","","","","","","","4.6","5","5.5","5.9","6.5","","",
"Mauritius","MUS","Prevalence of severe food insecurity in the population (%)","SN.ITK.SVFI.ZS","","","","","","","","","","","","","","","","","","","","","","","","","","","","","","","","","","","","","","","","","","","","","","","","","","","","","","","","5.2","5.9","6.3","6.8","8.3","","",
"Malawi","MWI","Prevalence of severe food insecurity in the population (%)","SN.ITK.SVFI.ZS","","","","","","","","","","","","","","","","","","","","","","","","","","","","","","","","","","","","","","","","","","","","","","","","","","","","","","","","51.8","51.7","51.6","51.5","51.4","","",
"Malaysia","MYS","Prevalence of severe food insecurity in the population (%)","SN.ITK.SVFI.ZS","","","","","","","","","","","","","","","","","","","","","","","","","","","","","","","","","","","","","","","","","","","","","","","","","","","","","","","","7.8","6.7","6.7","6.7","7.5","","",
"North America","NAC","Prevalence of severe food insecurity in the population (%)","SN.ITK.SVFI.ZS","","","","","","","","","","","","","","","","","","","","","","","","","","","","","","","","","","","","","","","","","","","","","","","","","","","","","","","1","1","1","0.8","0.8","0.8","","",
"Namibia","NAM","Prevalence of severe food insecurity in the population (%)","SN.ITK.SVFI.ZS","","","","","","","","","","","","","","","","","","","","","","","","","","","","","","","","","","","","","","","","","","","","","","","","","","","","","","","","28.9","29.6","30.5","31.3","32.1","","",
"New Caledonia","NCL","Prevalence of severe food insecurity in the population (%)","SN.ITK.SVFI.ZS","","","","","","","","","","","","","","","","","","","","","","","","","","","","","","","","","","","","","","","","","","","","","","","","","","","","","","","","","","","","","","",
"Niger","NER","Prevalence of severe food insecurity in the population (%)","SN.ITK.SVFI.ZS","","","","","","","","","","","","","","","","","","","","","","","","","","","","","","","","","","","","","","","","","","","","","","","","","","","","","","","","","","","","","","",
"Nigeria","NGA","Prevalence of severe food insecurity in the population (%)","SN.ITK.SVFI.ZS","","","","","","","","","","","","","","","","","","","","","","","","","","","","","","","","","","","","","","","","","","","","","","","","","","","","","","","","6.6","9.3","12.1","14.8","21.4","","",
"Nicaragua","NIC","Prevalence of severe food insecurity in the population (%)","SN.ITK.SVFI.ZS","","","","","","","","","","","","","","","","","","","","","","","","","","","","","","","","","","","","","","","","","","","","","","","","","","","","","","","","","","","","","","",
"Netherlands","NLD","Prevalence of severe food insecurity in the population (%)","SN.ITK.SVFI.ZS","","","","","","","","","","","","","","","","","","","","","","","","","","","","","","","","","","","","","","","","","","","","","","","","","","","","","","","","1.5","1.7","1.5","1.7","1.4","","",
"Norway","NOR","Prevalence of severe food insecurity in the population (%)","SN.ITK.SVFI.ZS","","","","","","","","","","","","","","","","","","","","","","","","","","","","","","","","","","","","","","","","","","","","","","","","","","","","","","","","1.1","1.2","1.1","1.1","1","","",
"Nepal","NPL","Prevalence of severe food insecurity in the population (%)","SN.ITK.SVFI.ZS","","","","","","","","","","","","","","","","","","","","","","","","","","","","","","","","","","","","","","","","","","","","","","","","","","","","","","","","10.4","9.6","9.6","10.3","12","","",
"Nauru","NRU","Prevalence of severe food insecurity in the population (%)","SN.ITK.SVFI.ZS","","","","","","","","","","","","","","","","","","","","","","","","","","","","","","","","","","","","","","","","","","","","","","","","","","","","","","","","","","","","","","",
"New Zealand","NZL","Prevalence of severe food insecurity in the population (%)","SN.ITK.SVFI.ZS","","","","","","","","","","","","","","","","","","","","","","","","","","","","","","","","","","","","","","","","","","","","","","","","","","","","","","","","2.8","3.3","4.2","4.4","3.9","","",
"OECD members","OED","Prevalence of severe food insecurity in the population (%)","SN.ITK.SVFI.ZS","","","","","","","","","","","","","","","","","","","","","","","","","","","","","","","","","","","","","","","","","","","","","","","","","","","","","","","","","","","","","","",
"Oman","OMN","Prevalence of severe food insecurity in the population (%)","SN.ITK.SVFI.ZS","","","","","","","","","","","","","","","","","","","","","","","","","","","","","","","","","","","","","","","","","","","","","","","","","","","","","","","","","","","","","","",
"Other small states","OSS","Prevalence of severe food insecurity in the population (%)","SN.ITK.SVFI.ZS","","","","","","","","","","","","","","","","","","","","","","","","","","","","","","","","","","","","","","","","","","","","","","","","","","","","","","","","","","","","","","",
"Pakistan","PAK","Prevalence of severe food insecurity in the population (%)","SN.ITK.SVFI.ZS","","","","","","","","","","","","","","","","","","","","","","","","","","","","","","","","","","","","","","","","","","","","","","","","","","","","","","","","","","","","","","",
"Panama","PAN","Prevalence of severe food insecurity in the population (%)","SN.ITK.SVFI.ZS","","","","","","","","","","","","","","","","","","","","","","","","","","","","","","","","","","","","","","","","","","","","","","","","","","","","","","","","","","","","","","",
"Peru","PER","Prevalence of severe food insecurity in the population (%)","SN.ITK.SVFI.ZS","","","","","","","","","","","","","","","","","","","","","","","","","","","","","","","","","","","","","","","","","","","","","","","","","","","","","","","","13.5","16.7","16.6","18","19.2","","",
"Philippines","PHL","Prevalence of severe food insecurity in the population (%)","SN.ITK.SVFI.ZS","","","","","","","","","","","","","","","","","","","","","","","","","","","","","","","","","","","","","","","","","","","","","","","","","","","","","","","","3.2","","","3.2","4","","",
"Palau","PLW","Prevalence of severe food insecurity in the population (%)","SN.ITK.SVFI.ZS","","","","","","","","","","","","","","","","","","","","","","","","","","","","","","","","","","","","","","","","","","","","","","","","","","","","","","","","","","","","","","",
"Papua New Guinea","PNG","Prevalence of severe food insecurity in the population (%)","SN.ITK.SVFI.ZS","","","","","","","","","","","","","","","","","","","","","","","","","","","","","","","","","","","","","","","","","","","","","","","","","","","","","","","","","","","","","","",
"Poland","POL","Prevalence of severe food insecurity in the population (%)","SN.ITK.SVFI.ZS","","","","","","","","","","","","","","","","","","","","","","","","","","","","","","","","","","","","","","","","","","","","","","","","","","","","","","","","1.8","1.2","0.7","0.5","0","","",
"Pre-demographic dividend","PRE","Prevalence of severe food insecurity in the population (%)","SN.ITK.SVFI.ZS","","","","","","","","","","","","","","","","","","","","","","","","","","","","","","","","","","","","","","","","","","","","","","","","","","","","","","","","","","","","","","",
"Puerto Rico","PRI","Prevalence of severe food insecurity in the population (%)","SN.ITK.SVFI.ZS","","","","","","","","","","","","","","","","","","","","","","","","","","","","","","","","","","","","","","","","","","","","","","","","","","","","","","","","","","","","","","",
"Korea, Dem. People's Rep.","PRK","Prevalence of severe food insecurity in the population (%)","SN.ITK.SVFI.ZS","","","","","","","","","","","","","","","","","","","","","","","","","","","","","","","","","","","","","","","","","","","","","","","","","","","","","","","","","","","","","","",
"Portugal","PRT","Prevalence of severe food insecurity in the population (%)","SN.ITK.SVFI.ZS","","","","","","","","","","","","","","","","","","","","","","","","","","","","","","","","","","","","","","","","","","","","","","","","","","","","","","","","4.1","3.5","3.2","2.9","3.2","","",
"Paraguay","PRY","Prevalence of severe food insecurity in the population (%)","SN.ITK.SVFI.ZS","","","","","","","","","","","","","","","","","","","","","","","","","","","","","","","","","","","","","","","","","","","","","","","","","","","","","","","","","","","","","","",
"West Bank and Gaza","PSE","Prevalence of severe food insecurity in the population (%)","SN.ITK.SVFI.ZS","","","","","","","","","","","","","","","","","","","","","","","","","","","","","","","","","","","","","","","","","","","","","","","","","","","","","","","","","","4.4","4.4","4.4","","",
"Pacific island small states","PSS","Prevalence of severe food insecurity in the population (%)","SN.ITK.SVFI.ZS","","","","","","","","","","","","","","","","","","","","","","","","","","","","","","","","","","","","","","","","","","","","","","","","","","","","","","","","","","","","","","",
"Post-demographic dividend","PST","Prevalence of severe food insecurity in the population (%)","SN.ITK.SVFI.ZS","","","","","","","","","","","","","","","","","","","","","","","","","","","","","","","","","","","","","","","","","","","","","","","","","","","","","","","","","","","","","","",
"French Polynesia","PYF","Prevalence of severe food insecurity in the population (%)","SN.ITK.SVFI.ZS","","","","","","","","","","","","","","","","","","","","","","","","","","","","","","","","","","","","","","","","","","","","","","","","","","","","","","","","","","","","","","",
"Qatar","QAT","Prevalence of severe food insecurity in the population (%)","SN.ITK.SVFI.ZS","","","","","","","","","","","","","","","","","","","","","","","","","","","","","","","","","","","","","","","","","","","","","","","","","","","","","","","","","","","","","","",
"Romania","ROU","Prevalence of severe food insecurity in the population (%)","SN.ITK.SVFI.ZS","","","","","","","","","","","","","","","","","","","","","","","","","","","","","","","","","","","","","","","","","","","","","","","","","","","","","","","","5.6","4.8","4","3.4","3.4","","",
"Russian Federation","RUS","Prevalence of severe food insecurity in the population (%)","SN.ITK.SVFI.ZS","","","","","","","","","","","","","","","","","","","","","","","","","","","","","","","","","","","","","","","","","","","","","","","","","","","","","","","","0.7","0.7","0.6","0.5","0","","",
"Rwanda","RWA","Prevalence of severe food insecurity in the population (%)","SN.ITK.SVFI.ZS","","","","","","","","","","","","","","","","","","","","","","","","","","","","","","","","","","","","","","","","","","","","","","","","","","","","","","","","","","","","","","",
"South Asia","SAS","Prevalence of severe food insecurity in the population (%)","SN.ITK.SVFI.ZS","","","","","","","","","","","","","","","","","","","","","","","","","","","","","","","","","","","","","","","","","","","","","","","","","","","","","","","16.2","15","13.3","13.5","17.2","18.7","","",
"Saudi Arabia","SAU","Prevalence of severe food insecurity in the population (%)","SN.ITK.SVFI.ZS","","","","","","","","","","","","","","","","","","","","","","","","","","","","","","","","","","","","","","","","","","","","","","","","","","","","","","","","","","","","","","",
"Sudan","SDN","Prevalence of severe food insecurity in the population (%)","SN.ITK.SVFI.ZS","","","","","","","","","","","","","","","","","","","","","","","","","","","","","","","","","","","","","","","","","","","","","","","","","","","","","","","","13.4","14.4","15.4","16.4","16.8","","",
"Senegal","SEN","Prevalence of severe food insecurity in the population (%)","SN.ITK.SVFI.ZS","","","","","","","","","","","","","","","","","","","","","","","","","","","","","","","","","","","","","","","","","","","","","","","","","","","","","","","","14.5","15.7","12.5","13.9","13.6","","",
"Singapore","SGP","Prevalence of severe food insecurity in the population (%)","SN.ITK.SVFI.ZS","","","","","","","","","","","","","","","","","","","","","","","","","","","","","","","","","","","","","","","","","","","","","","","","","","","","","","","","1","1.2","1.4","1.4","0.9","","",
"Solomon Islands","SLB","Prevalence of severe food insecurity in the population (%)","SN.ITK.SVFI.ZS","","","","","","","","","","","","","","","","","","","","","","","","","","","","","","","","","","","","","","","","","","","","","","","","","","","","","","","","","","","","","","",
"Sierra Leone","SLE","Prevalence of severe food insecurity in the population (%)","SN.ITK.SVFI.ZS","","","","","","","","","","","","","","","","","","","","","","","","","","","","","","","","","","","","","","","","","","","","","","","","","","","","","","","","30.4","30.8","31.2","31.5","31.8","","",
"El Salvador","SLV","Prevalence of severe food insecurity in the population (%)","SN.ITK.SVFI.ZS","","","","","","","","","","","","","","","","","","","","","","","","","","","","","","","","","","","","","","","","","","","","","","","","","","","","","","","","13.8","13.7","14","14.6","13.8","","",
"San Marino","SMR","Prevalence of severe food insecurity in the population (%)","SN.ITK.SVFI.ZS","","","","","","","","","","","","","","","","","","","","","","","","","","","","","","","","","","","","","","","","","","","","","","","","","","","","","","","","","","","","","","",
"Somalia","SOM","Prevalence of severe food insecurity in the population (%)","SN.ITK.SVFI.ZS","","","","","","","","","","","","","","","","","","","","","","","","","","","","","","","","","","","","","","","","","","","","","","","","","","","","","","","","","","","","43","","",
"Serbia","SRB","Prevalence of severe food insecurity in the population (%)","SN.ITK.SVFI.ZS","","","","","","","","","","","","","","","","","","","","","","","","","","","","","","","","","","","","","","","","","","","","","","","","","","","","","","","","1.7","2.3","1.9","2","2.6","","",
"Sub-Saharan Africa (excluding high income)","SSA","Prevalence of severe food insecurity in the population (%)","SN.ITK.SVFI.ZS","","","","","","","","","","","","","","","","","","","","","","","","","","","","","","","","","","","","","","","","","","","","","","","","","","","","","","","19.2","20.2","21.7","22.5","23","24.6","","",
"South Sudan","SSD","Prevalence of severe food insecurity in the population (%)","SN.ITK.SVFI.ZS","","","","","","","","","","","","","","","","","","","","","","","","","","","","","","","","","","","","","","","","","","","","","","","","","","","","","","","","65.4","","65.4","63.7","62","","",
"Sub-Saharan Africa","SSF","Prevalence of severe food insecurity in the population (%)","SN.ITK.SVFI.ZS","","","","","","","","","","","","","","","","","","","","","","","","","","","","","","","","","","","","","","","","","","","","","","","","","","","","","","","19.2","20.1","21.6","22.5","22.9","24.6","","",
"Small states","SST","Prevalence of severe food insecurity in the population (%)","SN.ITK.SVFI.ZS","","","","","","","","","","","","","","","","","","","","","","","","","","","","","","","","","","","","","","","","","","","","","","","","","","","","","","","","","","","","","","",
"Sao Tome and Principe","STP","Prevalence of severe food insecurity in the population (%)","SN.ITK.SVFI.ZS","","","","","","","","","","","","","","","","","","","","","","","","","","","","","","","","","","","","","","","","","","","","","","","","","","","","","","","","","","","","","","",
"Suriname","SUR","Prevalence of severe food insecurity in the population (%)","SN.ITK.SVFI.ZS","","","","","","","","","","","","","","","","","","","","","","","","","","","","","","","","","","","","","","","","","","","","","","","","","","","","","","","","","","","","","","",
"Slovak Republic","SVK","Prevalence of severe food insecurity in the population (%)","SN.ITK.SVFI.ZS","","","","","","","","","","","","","","","","","","","","","","","","","","","","","","","","","","","","","","","","","","","","","","","","","","","","","","","","1.1","0.9","0.9","0.8","1.1","","",
"Slovenia","SVN","Prevalence of severe food insecurity in the population (%)","SN.ITK.SVFI.ZS","","","","","","","","","","","","","","","","","","","","","","","","","","","","","","","","","","","","","","","","","","","","","","","","","","","","","","","","0.9","0.8","0.6","0.5","0","","",
"Sweden","SWE","Prevalence of severe food insecurity in the population (%)","SN.ITK.SVFI.ZS","","","","","","","","","","","","","","","","","","","","","","","","","","","","","","","","","","","","","","","","","","","","","","","","","","","","","","","","0.8","1","1","1.2","1.2","","",
"Eswatini","SWZ","Prevalence of severe food insecurity in the population (%)","SN.ITK.SVFI.ZS","","","","","","","","","","","","","","","","","","","","","","","","","","","","","","","","","","","","","","","","","","","","","","","","","","","","","","","","29.4","29.4","29.4","30","30.8","","",
"Sint Maarten (Dutch part)","SXM","Prevalence of severe food insecurity in the population (%)","SN.ITK.SVFI.ZS","","","","","","","","","","","","","","","","","","","","","","","","","","","","","","","","","","","","","","","","","","","","","","","","","","","","","","","","","","","","","","",
"Seychelles","SYC","Prevalence of severe food insecurity in the population (%)","SN.ITK.SVFI.ZS","","","","","","","","","","","","","","","","","","","","","","","","","","","","","","","","","","","","","","","","","","","","","","","","","","","","","","","","3.2","3.2","3.2","","3.3","","",
"Syrian Arab Republic","SYR","Prevalence of severe food insecurity in the population (%)","SN.ITK.SVFI.ZS","","","","","","","","","","","","","","","","","","","","","","","","","","","","","","","","","","","","","","","","","","","","","","","","","","","","","","","","","","","","","","",
"Turks and Caicos Islands","TCA","Prevalence of severe food insecurity in the population (%)","SN.ITK.SVFI.ZS","","","","","","","","","","","","","","","","","","","","","","","","","","","","","","","","","","","","","","","","","","","","","","","","","","","","","","","","","","","","","","",
"Chad","TCD","Prevalence of severe food insecurity in the population (%)","SN.ITK.SVFI.ZS","","","","","","","","","","","","","","","","","","","","","","","","","","","","","","","","","","","","","","","","","","","","","","","","","","","","","","","","","","","","","","",
"East Asia & Pacific (IDA & IBRD countries)","TEA","Prevalence of severe food insecurity in the population (%)","SN.ITK.SVFI.ZS","","","","","","","","","","","","","","","","","","","","","","","","","","","","","","","","","","","","","","","","","","","","","","","","","","","","","","","","","","","","","","",
"Europe & Central Asia (IDA & IBRD countries)","TEC","Prevalence of severe food insecurity in the population (%)","SN.ITK.SVFI.ZS","","","","","","","","","","","","","","","","","","","","","","","","","","","","","","","","","","","","","","","","","","","","","","","","","","","","","","","","","","","","","","",
"Togo","TGO","Prevalence of severe food insecurity in the population (%)","SN.ITK.SVFI.ZS","","","","","","","","","","","","","","","","","","","","","","","","","","","","","","","","","","","","","","","","","","","","","","","","","","","","","","","","","","","","","","",
"Thailand","THA","Prevalence of severe food insecurity in the population (%)","SN.ITK.SVFI.ZS","","","","","","","","","","","","","","","","","","","","","","","","","","","","","","","","","","","","","","","","","","","","","","","","","","","","","","","","4.2","5.8","7.2","7.7","8.5","","",
"Tajikistan","TJK","Prevalence of severe food insecurity in the population (%)","SN.ITK.SVFI.ZS","","","","","","","","","","","","","","","","","","","","","","","","","","","","","","","","","","","","","","","","","","","","","","","","","","","","","","","","","","","","","","",
"Turkmenistan","TKM","Prevalence of severe food insecurity in the population (%)","SN.ITK.SVFI.ZS","","","","","","","","","","","","","","","","","","","","","","","","","","","","","","","","","","","","","","","","","","","","","","","","","","","","","","","","","","","","","","",
"Latin America & the Caribbean (IDA & IBRD countries)","TLA","Prevalence of severe food insecurity in the population (%)","SN.ITK.SVFI.ZS","","","","","","","","","","","","","","","","","","","","","","","","","","","","","","","","","","","","","","","","","","","","","","","","","","","","","","","","","","","","","","",
"Timor-Leste","TLS","Prevalence of severe food insecurity in the population (%)","SN.ITK.SVFI.ZS","","","","","","","","","","","","","","","","","","","","","","","","","","","","","","","","","","","","","","","","","","","","","","","","","","","","","","","","","","","","","","",
"Middle East & North Africa (IDA & IBRD countries)","TMN","Prevalence of severe food insecurity in the population (%)","SN.ITK.SVFI.ZS","","","","","","","","","","","","","","","","","","","","","","","","","","","","","","","","","","","","","","","","","","","","","","","","","","","","","","","","","","","","","","",
"Tonga","TON","Prevalence of severe food insecurity in the population (%)","SN.ITK.SVFI.ZS","","","","","","","","","","","","","","","","","","","","","","","","","","","","","","","","","","","","","","","","","","","","","","","","","","","","","","","","","","","6","6","","",
"South Asia (IDA & IBRD)","TSA","Prevalence of severe food insecurity in the population (%)","SN.ITK.SVFI.ZS","","","","","","","","","","","","","","","","","","","","","","","","","","","","","","","","","","","","","","","","","","","","","","","","","","","","","","","","","","","","","","",
"Sub-Saharan Africa (IDA & IBRD countries)","TSS","Prevalence of severe food insecurity in the population (%)","SN.ITK.SVFI.ZS","","","","","","","","","","","","","","","","","","","","","","","","","","","","","","","","","","","","","","","","","","","","","","","","","","","","","","","","","","","","","","",
"Trinidad and Tobago","TTO","Prevalence of severe food insecurity in the population (%)","SN.ITK.SVFI.ZS","","","","","","","","","","","","","","","","","","","","","","","","","","","","","","","","","","","","","","","","","","","","","","","","","","","","","","","","","","","","","","",
"Tunisia","TUN","Prevalence of severe food insecurity in the population (%)","SN.ITK.SVFI.ZS","","","","","","","","","","","","","","","","","","","","","","","","","","","","","","","","","","","","","","","","","","","","","","","","","","","","","","","","9.1","9.3","9.1","9.7","10.7","","",
"Turkiye","TUR","Prevalence of severe food insecurity in the population (%)","SN.ITK.SVFI.ZS","","","","","","","","","","","","","","","","","","","","","","","","","","","","","","","","","","","","","","","","","","","","","","","","","","","","","","","","","","","","","","",
"Tuvalu","TUV","Prevalence of severe food insecurity in the population (%)","SN.ITK.SVFI.ZS","","","","","","","","","","","","","","","","","","","","","","","","","","","","","","","","","","","","","","","","","","","","","","","","","","","","","","","","","","","","","","",
"Tanzania","TZA","Prevalence of severe food insecurity in the population (%)","SN.ITK.SVFI.ZS","","","","","","","","","","","","","","","","","","","","","","","","","","","","","","","","","","","","","","","","","","","","","","","","","","","","","","","","","23.8","23.8","23.8","24.7","","",
"Uganda","UGA","Prevalence of severe food insecurity in the population (%)","SN.ITK.SVFI.ZS","","","","","","","","","","","","","","","","","","","","","","","","","","","","","","","","","","","","","","","","","","","","","","","","","","","","","","","","17.5","18.5","19.5","20.6","21.7","","",
"Ukraine","UKR","Prevalence of severe food insecurity in the population (%)","SN.ITK.SVFI.ZS","","","","","","","","","","","","","","","","","","","","","","","","","","","","","","","","","","","","","","","","","","","","","","","","","","","","","","","","2","2.2","2","1.6","2.5","","",
"Upper middle income","UMC","Prevalence of severe food insecurity in the population (%)","SN.ITK.SVFI.ZS","","","","","","","","","","","","","","","","","","","","","","","","","","","","","","","","","","","","","","","","","","","","","","","","","","","","","","","","3.4","3.8","4.2","4.3","4.7","","",
"Uruguay","URY","Prevalence of severe food insecurity in the population (%)","SN.ITK.SVFI.ZS","","","","","","","","","","","","","","","","","","","","","","","","","","","","","","","","","","","","","","","","","","","","","","","","","","","","","","","","6.8","7.6","7.4","6.4","6.7","","",
"United States","USA","Prevalence of severe food insecurity in the population (%)","SN.ITK.SVFI.ZS","","","","","","","","","","","","","","","","","","","","","","","","","","","","","","","","","","","","","","","","","","","","","","","","","","","","","","","","1.1","1","0.9","0.8","0.8","","",
"Uzbekistan","UZB","Prevalence of severe food insecurity in the population (%)","SN.ITK.SVFI.ZS","","","","","","","","","","","","","","","","","","","","","","","","","","","","","","","","","","","","","","","","","","","","","","","","","","","","","","","","1.9","2.1","2.2","2.8","4","","",
"St. Vincent and the Grenadines","VCT","Prevalence of severe food insecurity in the population (%)","SN.ITK.SVFI.ZS","","","","","","","","","","","","","","","","","","","","","","","","","","","","","","","","","","","","","","","","","","","","","","","","","","","","","","","","","","","","","","",
"Venezuela, RB","VEN","Prevalence of severe food insecurity in the population (%)","SN.ITK.SVFI.ZS","","","","","","","","","","","","","","","","","","","","","","","","","","","","","","","","","","","","","","","","","","","","","","","","","","","","","","","","","","","","","","",
"British Virgin Islands","VGB","Prevalence of severe food insecurity in the population (%)","SN.ITK.SVFI.ZS","","","","","","","","","","","","","","","","","","","","","","","","","","","","","","","","","","","","","","","","","","","","","","","","","","","","","","","","","","","","","","",
"Virgin Islands (U.S.)","VIR","Prevalence of severe food insecurity in the population (%)","SN.ITK.SVFI.ZS","","","","","","","","","","","","","","","","","","","","","","","","","","","","","","","","","","","","","","","","","","","","","","","","","","","","","","","","","","","","","","",
"Vietnam","VNM","Prevalence of severe food insecurity in the population (%)","SN.ITK.SVFI.ZS","","","","","","","","","","","","","","","","","","","","","","","","","","","","","","","","","","","","","","","","","","","","","","","","","","","","","","","","","","0","0","0.5","","",
"Vanuatu","VUT","Prevalence of severe food insecurity in the population (%)","SN.ITK.SVFI.ZS","","","","","","","","","","","","","","","","","","","","","","","","","","","","","","","","","","","","","","","","","","","","","","","","","","","","","","","","","","","2.4","2.4","","",
"World","WLD","Prevalence of severe food insecurity in the population (%)","SN.ITK.SVFI.ZS","","","","","","","","","","","","","","","","","","","","","","","","","","","","","","","","","","","","","","","","","","","","","","","","","","","","","","","","8.2","8.4","8.9","9.5","10.5","","",
"Samoa","WSM","Prevalence of severe food insecurity in the population (%)","SN.ITK.SVFI.ZS","","","","","","","","","","","","","","","","","","","","","","","","","","","","","","","","","","","","","","","","","","","","","","","","","","","","","","","","","","3.4","3.4","3.4","","",
"Kosovo","XKX","Prevalence of severe food insecurity in the population (%)","SN.ITK.SVFI.ZS","","","","","","","","","","","","","","","","","","","","","","","","","","","","","","","","","","","","","","","","","","","","","","","","","","","","","","","","","","","","","","",
"Yemen, Rep.","YEM","Prevalence of severe food insecurity in the population (%)","SN.ITK.SVFI.ZS","","","","","","","","","","","","","","","","","","","","","","","","","","","","","","","","","","","","","","","","","","","","","","","","","","","","","","","","","","","","","","",
"South Africa","ZAF","Prevalence of severe food insecurity in the population (%)","SN.ITK.SVFI.ZS","","","","","","","","","","","","","","","","","","","","","","","","","","","","","","","","","","","","","","","","","","","","","","","","","","","","","","","","18","","","","19.3","","",
"Zambia","ZMB","Prevalence of severe food insecurity in the population (%)","SN.ITK.SVFI.ZS","","","","","","","","","","","","","","","","","","","","","","","","","","","","","","","","","","","","","","","","","","","","","","","","","","","","","","","","21.8","22.1","22.5","22.8","23.2","","",
"Zimbabwe","ZWE","Prevalence of severe food insecurity in the population (%)","SN.ITK.SVFI.ZS","","","","","","","","","","","","","","","","","","","","","","","","","","","","","","","","","","","","","","","","","","","","","","","","","","","","","","","","35.5","36.7","35.9","34.2","32.1","","",
